Geography,EstimatedSalary
France,99899.18081372158
Germany,101113.43510163411
Spain,99440.57228098506
